{"cameraMode":{"drawMode":0,"name":"Shaded","section":"Shading Mode"},"sceneLighting":false,"audioPlay":false,"sceneViewState":{"showFog":true,"showMaterialUpdate":false,"showSkybox":true,"showFlares":true,"showImageEffects":true,"showParticleSystems":true},"in2DMode":false,"pivot":{"x":1.6815788745880128,"y":-0.9429130554199219,"z":17.192289352416993},"rotation":{"x":0.687450110912323,"y":0.021774897351861,"z":-0.02062969282269478,"w":0.7256119251251221},"size":2.8578836917877199,"orthographic":false}