{"cameraMode":{"drawMode":0,"name":"Shaded","section":"Shading Mode"},"sceneLighting":false,"audioPlay":false,"sceneViewState":{"showFog":true,"showMaterialUpdate":false,"showSkybox":true,"showFlares":true,"showImageEffects":true,"showParticleSystems":true},"in2DMode":false,"pivot":{"x":6.040736198425293,"y":43.81495666503906,"z":118.6875},"rotation":{"x":-0.06858611851930618,"y":0.6282666921615601,"z":0.05574740469455719,"w":0.7729613184928894},"size":441.095947265625,"orthographic":true}